{
    "client_stg": {
        "kxip": "s3://assets-punjab-kings/beta/static-assets/build/js",
        "rr": "s3://assets-rajasthan-royals/stg/static-assets/build/js",
        "dv": "s3://assets-desert-vipers/stg/static-assets/build/js",
        "gt": "s3://assets-gujarat-titans/beta/static-assets/build/js",
        "kkr": "s3://si-waf-assets-kkr-v1/stg/static-assets/build/js"
    },
    "client_prod": {
        "kxip": "s3://assets-punjab-kings/prod/static-assets/build/js",
        "rr": "s3://assets-rajasthan-royals/prod/static-assets/build/js",
        "dv": "s3://assets-desert-vipers/prod/static-assets/build/js",
        "gt": "s3://assets-gujarat-titans/prod/static-assets/build/js",
        "kkr": "s3://si-waf-assets-kkr-v1/prod/static-assets/build/js"
    },
    "server_prod": {
        "kxip": "s3://si-demos/roneel-temp/waf-beta-code-deploy/kxip/final-build.tar.gz",
        "rr": "s3://si-demos/roneel-temp/waf-beta-code-deploy/rr/final-build.tar.gz",
        "dv": "s3://si-demos/roneel-temp/waf-beta-code-deploy/dv/final-build.tar.gz",
        "gt": "s3://si-demos/roneel-temp/waf-beta-code-deploy/gt/final-build.tar.gz",
        "kkr": "s3://si-demos/roneel-temp/waf-beta-code-deploy/kkr/final-build.tar.gz"
    },
    "server_stg": {
        "kxip": "s3://si-demos/roneel-temp/waf-beta-code-deploy/kxip/final-build.tar.gz",
        "rr": "s3://si-demos/roneel-temp/waf-beta-code-deploy/rr/final-build.tar.gz",
        "dv": "s3://si-demos/roneel-temp/waf-beta-code-deploy/dv/final-build.tar.gz",
        "gt": "s3://si-demos/roneel-temp/waf-beta-code-deploy/gt/final-build.tar.gz",
        "kkr": "s3://si-demos/roneel-temp/waf-beta-code-deploy/kkr/final-build.tar.gz"
    },
    "product_person": {
        "kxip": "Wilfred S",
        "rr": "Daniel Colaco",
        "dv": "Kanishk Karanpuria",
        "gt": "Kanishk Karanpuria",
        "kkr": "Keval Shah"
    },
    "dev_name": {
        "Abhay": {
            "folder_path_build": "/home/abhay/Documents/wm-si-wafjs3.0",
            "folder_path_upload": "/home/abhay/Music/upload",
            "folder_path_backup": "/home/abhay/Music/backup"
        },
        "Alone": {
            "folder_path_build": "/home/abhay/Documents/wm-si-wafjs3.0",
            "folder_path_upload": "/home/abhay/Music/upload",
            "folder_path_backup": "/home/abhay/Music/backup"
        }
    },
    "default_name": "Alone",
    "clients": [
        "gt",
        "kxip",
        "rr",
        "dv",
        "kkr"
    ],
    "environments": [
        "stg",
        "prod"
    ],
    "ports": [
        8888,
        5555,
        5556
    ],
    "branch": {
        "gt": [
            "gt01-development",
            "gt01-deployment"
        ],
        "kxip": [
            "kxip01-development",
            "kxip01-deployment"
        ],
        "rr": [
            "rr01-development",
            "rr01-deployment"
        ],
        "dv": [
            "dv01-development",
            "dv01-deployment"
        ],
        "kkr": [
            "kkr_v101-development",
            "kkr_v101-deployment"
        ]
    }
}